model,hit_rate,mrr,map,ndcg
snowflake,0.9787234042553191,0.9680851063829787,0.9680851063829787,0.9708708458206693
mxbai,0.97,0.9291666666666667,0.9291666666666667,0.9395439557235922
nomic,0.93,0.9016666666666667,0.9016666666666667,0.9086135311614679
instructorxl,0.94,0.9283333333333332,0.9283333333333332,0.9313092975357145
