model,prompt_method,accuracy,precision,recall,f1,auc
gpt-3.5-turbo,chain_of_thought,0.65,0.9473684210526315,0.34615384615384615,0.5070422535211268,0.6626602564102565
gpt-3.5-turbo,few_shot_learning,0.63,0.9411764705882353,0.3076923076923077,0.463768115942029,0.6434294871794871
gpt-3.5-turbo,role_prompting,0.72,0.9285714285714286,0.5,0.65,0.7291666666666666
gpt-3.5-turbo,zero_shot_chain_of_thought,0.57,1.0,0.17307692307692307,0.29508196721311475,0.5865384615384616
gpt-3.5-turbo,structured_reasoning,0.71,0.7254901960784313,0.7115384615384616,0.7184466019417476,0.7099358974358975
